peptide,source_protein,true_label,evidence,prob_SB,prob_WB,prob_NB,pred_class,binding_score,p2,p9,true_binary,pred_binary,pred_SB,pred_WB,pred_NB
GILGFVFTL,M1 58-66,POS,"Immunodominant, 100+ studies",0.9975939393043518,0.0024060786236077,1.5743609757881696e-12,SB,0.99481016,I,L,1,1,0.9896203,0.010379676,7.913299e-09
FMYSDFHFI,PA 46-54,POS,Validated A*02:01 epitope,0.9999942779541016,5.745702310377965e-06,2.50211452227368e-21,SB,0.9999561,M,I,1,1,0.99991214,8.7823835e-05,1.0974014e-15
YVKQNTLKL,NP 69-77,POS,NP validated epitope,0.0102288108319044,0.9826342463493348,0.0071369488723576,WB,0.49301645,V,L,1,1,0.013815062,0.95840275,0.02778218
KLGEFYNQM,PB1 486-494,POS,PB1 validated,0.901949942111969,0.0980496257543563,3.875244090068009e-07,SB,0.8175896,L,M,1,1,0.63553023,0.36411873,0.00035110296
ILRGSVAHK,NP 265-273,POS,NP validated (also B*08:01),1.0825710328177252e-09,0.0007858272874727845,0.9992141723632812,NB,7.969255e-05,L,K,1,0,1.3038083e-09,0.0001593825,0.9998406
NLVPMVATV,pp65 495-503,POS,Immunodominant CMV,0.9985081553459167,0.0014918511733412,4.972930162279454e-13,SB,0.9988546,L,V,1,1,0.99770916,0.0022908691,2.0051256e-11
RIFAELEGV,pp65 522-530,POS,Validated pp65 epitope,0.9972993731498718,0.0027006561867892,4.57033542955454e-12,SB,0.998839,I,V,1,1,0.997678,0.0023220663,6.2199815e-11
VLEETSVML,IE1 316-324,POS,IE1 validated,0.1564728170633316,0.8423923850059509,0.0011347990948706,WB,0.6615685,L,L,1,1,0.3238361,0.6754648,0.0006990896
YILEETSVM,IE1 315-323,POS,IE1 validated,0.6289238929748535,0.3706310987472534,0.00044507283018901933,WB,0.6168395,I,M,1,1,0.23702931,0.75962037,0.0033502772
QYDPVAALF,pp65 341-349,POS,pp65 validated,1.7780007185926342e-15,7.319755695789354e-06,0.9999927282333374,NB,1.6654001e-06,Y,F,1,0,2.5571526e-12,3.3307952e-06,0.99999666
GLCTLVAML,BMLF1 280-288,POS,Immunodominant EBV,0.905422866344452,0.0945765525102615,5.71743782984413e-07,SB,0.9092061,L,L,1,1,0.81843346,0.18154526,2.1264905e-05
CLGGLLTMV,LMP2 426-434,POS,LMP2 validated,0.997408926486969,0.002591046039015,5.169853694447779e-12,SB,0.993103,L,V,1,1,0.986206,0.013794054,9.373933e-09
FLYALALLL,LMP2 356-364,POS,LMP2 validated,0.999827206134796,0.0001728019124129787,5.209899547027414e-16,SB,0.9992392,L,L,1,1,0.9984785,0.0015214839,4.5205758e-12
LLWTLVVLL,LMP1 125-133,POS,LMP1 validated,0.998162806034088,0.0018372402992099,1.516203503894309e-12,SB,0.9938524,L,L,1,1,0.98770463,0.012295429,5.7691243e-09
YLLEMLWRL,LMP1 159-167,POS,LMP1 validated,0.9999922513961792,7.79834772401955e-06,5.252373736738857e-22,SB,0.99996454,L,L,1,1,0.9999291,7.0983384e-05,8.3096505e-16
WLSLLVPFV,HBs 335-343,POS,HBsAg validated,0.9993910789489746,0.000608898582868278,2.6148588096229844e-14,SB,0.9989158,L,V,1,1,0.99783164,0.0021683478,3.5716353e-11
LLCLIFLLV,HBs 250-258,POS,HBsAg validated,0.998176097869873,0.0018238661577925,1.0151214721240698e-12,SB,0.9894974,L,V,1,1,0.9789949,0.021005027,1.6301621e-08
CINGVCWTV,NS3 1073-1081,POS,HCV validated,0.9766473770141602,0.0233526155352592,1.9401772632932083e-08,SB,0.811177,I,V,1,1,0.6227295,0.37689504,0.00037552667
SLYNTVATL,Gag p17 77-85,POS,HIV immunodominant,0.994617998600006,0.0053819869644939,2.0581499005078998e-10,SB,0.9965887,L,L,1,1,0.9931774,0.006822539,5.134706e-10
ILKEPVHGV,Pol 476-484,POS,HIV RT validated,0.9810645580291748,0.0189354717731475,1.0043546438964768e-08,SB,0.9767413,L,V,1,1,0.953483,0.04651666,3.4583746e-07
VIYQYMDDL,Pol 257-265,POS,HIV RT validated,0.138903260231018,0.8588637113571167,0.0022329811472445,WB,0.6606513,I,L,1,1,0.33364815,0.6540063,0.012345577
YLQPRTFLL,Spike 269-277,POS,Immunodominant Spike,0.9977636337280272,0.0022363807074725,6.785612002846442e-12,SB,0.9992864,L,L,1,1,0.9985728,0.0014271731,9.006483e-12
LLFDRFENL,NSP12 125-133,POS,RdRp validated,0.999751627445221,0.0002484192664269358,9.864809342728417e-16,SB,0.9994464,L,L,1,1,0.99889284,0.001107147,5.045997e-12
ALNTLVKQL,Spike 958-966,POS,Spike fusion peptide,0.3631012141704559,0.63677978515625,0.00011897792137460784,WB,0.5099272,L,L,1,1,0.062481698,0.8948911,0.042627234
YMLDLQPET,E7 11-19,POS,HPV16 E7 validated,0.997377872467041,0.0026221345178782,1.0912592444262126e-12,SB,0.9821872,M,T,1,1,0.9643748,0.035624903,3.1516475e-07
LLMGTLGIV,E7 82-90,POS,HPV16 E7 validated,0.9991948008537292,0.000805236806627363,9.51372024237708e-14,SB,0.9990718,L,V,1,1,0.99814355,0.0018564333,1.4772556e-11
TLGIVCPIC,E7 86-94,POS,HPV16 E7 validated,4.343442469689762e-06,0.0945713222026825,0.9054243564605712,NB,0.17811252,L,C,1,0,0.0003077242,0.3556096,0.6440827
ILTVILGVL,MART-1 32-40,POS,MART-1 validated,0.0332797430455684,0.9570379257202148,0.0096823051571846,WB,0.57012206,L,L,1,1,0.14306726,0.8541096,0.0028232315
IMDQVPFSV,gp100 209-217,POS,gp100 validated,0.999422550201416,0.0005775128956884146,1.3717675710893818e-14,SB,0.99859685,M,V,1,1,0.9971938,0.002806103,6.270624e-11
YLEPGPVTA,gp100 280-288,POS,gp100 validated,0.9649709463119508,0.0350290834903717,2.28786678491133e-08,SB,0.9885468,L,A,1,1,0.97709364,0.022906303,5.4673013e-08
KTWGQYWQV,gp100 154-162,POS,gp100 validated,0.9931252002716064,0.0068747526966035,2.841878121717656e-10,SB,0.97450376,T,V,1,1,0.9490099,0.05098773,2.4218543e-06
YMDGTMSQV,Tyrosinase 369-377,POS,Tyrosinase validated,0.999907612800598,9.233762102667242e-05,2.536188366774541e-17,SB,0.99974024,M,V,1,1,0.99948055,0.00051944394,7.931355e-13
SLLMWITQC,NY-ESO-1 157-165,POS,Immunodominant NY-ESO-1,0.005774182267487,0.992065727710724,0.0021600618492811,WB,0.5357814,L,C,1,1,0.12236185,0.826839,0.050799094
SLLMWITQV,NY-ESO-1 157-165 mut,POS,NY-ESO-1 enhanced variant,0.9999210834503174,7.890422421041876e-05,3.7429194799085456e-18,SB,0.9997053,L,V,1,1,0.9994106,0.0005893444,2.4227436e-12
RMFPNAPYL,WT1 126-134,POS,WT1 validated,0.9999408721923828,5.912052802159451e-05,6.490495837454483e-18,SB,0.99986243,M,L,1,1,0.9997249,0.00027503565,5.0679496e-14
CMTWNQMNL,WT1 235-243,POS,WT1 validated,0.0217922572046518,0.9409795999526978,0.0372281856834888,WB,0.34027615,M,L,1,1,0.00053195003,0.6794884,0.31997967
LLGRNSFEV,p53 264-272,POS,p53 validated,0.9925453066825868,0.0074547035619616,2.2110281661102957e-10,SB,0.99516827,L,V,1,1,0.99033654,0.0096634235,8.495777e-09
RMPEAAPPV,p53 65-73,POS,p53 TAD validated,0.9998399019241332,0.00016002007760107517,2.202490141908604e-16,SB,0.9990056,M,V,1,1,0.99801123,0.0019887183,2.134212e-11
GLAPPQHLI,p53 187-195,POS,p53 validated,0.9793128967285156,0.0206871423870325,4.113571350217171e-08,SB,0.85043836,L,I,1,1,0.70101696,0.29884285,0.00014024918
KVLEYVIKV,MAGE-A1 278-286,POS,MAGE validated,0.9999364614486694,6.353303615469486e-05,2.962135841503924e-18,SB,0.9983929,V,V,1,1,0.99678576,0.0032142513,1.7260383e-10
FLWGPRALV,MAGE-A3 271-279,POS,MAGE-A3 validated,0.9995757937431335,0.00042417028453201056,3.7630915907232304e-14,SB,0.9987788,L,V,1,1,0.99755764,0.002442326,2.8209915e-11
KVAELVHFL,MAGE-A3 112-120,POS,MAGE-A3 validated,0.9969582557678224,0.003041703486815,5.810938102229768e-12,SB,0.98085105,V,L,1,1,0.9617023,0.038297556,9.660614e-08
IMIGVLVGV,CEA 691-699,POS,CEA validated,0.9999080896377563,9.192366269417108e-05,1.1229956197252612e-17,SB,0.99983716,M,V,1,1,0.9996742,0.00032586246,6.3131276e-14
YLSGANLNL,CEA 605-613,POS,CEA validated,0.9986282587051392,0.0013717446709051,4.4067980059341044e-13,SB,0.99784184,L,L,1,1,0.99568367,0.0043163514,4.137945e-10
KIFGSLAFL,HER2/neu 369-377,POS,HER2 validated (E75),0.9870033860206604,0.0129966437816619,1.4665316738771141e-09,SB,0.9915194,I,L,1,1,0.9830388,0.016961234,1.1384128e-08
LLFGYPVYV,HTLV-1 Tax 11-19,POS,HTLV validated,0.9999971389770508,2.9152031402190914e-06,1.0579216700237046e-22,SB,0.99997735,L,V,1,1,0.9999548,4.511949e-05,3.032926e-16
SVYDFFVWL,TRP2 426-434,POS,TRP2 validated,0.9984820485115052,0.0015179103938862,1.329148379899947e-13,SB,0.99475026,V,L,1,1,0.98950046,0.01049958,7.436473e-09
ALMPVLNQV,PSMA 711-719,POS,PSMA prostate cancer,0.9999812841415404,1.867429637059104e-05,2.4673169160625846e-20,SB,0.9999441,L,V,1,1,0.9998882,0.0001118434,4.1656127e-15
LLHHAFDSL,PSA 137-145,POS,PSA prostate cancer,0.9862844944000244,0.0137154599651694,1.6140681013965263e-09,SB,0.93177223,L,L,1,1,0.8635728,0.13639888,2.8267175e-05
AAAAAAAAA,Synthetic,NEG,Poly-alanine,1.8107654113919125e-06,0.044231541454792,0.9557666182518004,NB,0.017188964,A,A,0,0,1.8577379e-05,0.034340773,0.9656407
GGGGGGGGG,Synthetic,NEG,Poly-glycine,1.7238189349072798e-19,1.3906763740578756e-07,0.9999998807907104,NB,4.5471634e-12,G,G,0,0,1.8510234e-21,9.094327e-12,1.0
PPPPPPPPP,Synthetic,NEG,Poly-proline,2.920275665339887e-23,6.503722449480165e-09,1.0,NB,8.570357e-13,P,P,0,0,9.2624375e-23,1.7140714e-12,1.0
DDDDDDDDD,Synthetic,NEG,Poly-aspartate,1.1929264309721773e-25,5.82690617978443e-10,1.0,NB,3.7013254e-16,D,D,0,0,1.5706563e-28,7.402651e-16,1.0
RRRRRRRRR,Synthetic,NEG,Poly-arginine,2.0078707804356696e-23,7.023273962403209e-09,1.0,NB,2.6086499e-14,R,R,0,0,2.385795e-25,5.2172998e-14,1.0
EEEEEEEEE,Synthetic,NEG,Poly-glutamate,1.018376276711877e-18,3.529021910253505e-07,0.9999996423721312,NB,1.1813194e-12,E,E,0,0,3.441833e-22,2.3626387e-12,1.0
KKKKKKKKK,Synthetic,NEG,Poly-lysine,4.084708337666349e-21,5.750388254455174e-08,1.0,NB,8.9019326e-15,K,K,0,0,4.6463125e-26,1.7803865e-14,1.0
NNNNNNNNN,Synthetic,NEG,Poly-asparagine,1.5496531044487525e-21,1.938396820833077e-08,1.0,NB,1.00482346e-13,N,N,0,0,1.659352e-24,2.0096469e-13,1.0
SSSSSSSSS,Synthetic,NEG,Poly-serine,3.9223784810416e-12,0.00016272168431896716,0.9998372793197632,NB,2.3477885e-06,S,S,0,0,3.9386385e-12,4.6955693e-06,0.99999535
TTTTTTTTT,Synthetic,NEG,Poly-threonine,6.163348303944716e-11,0.00048110299394465983,0.999518871307373,NB,0.0020878548,T,T,0,0,1.6874299e-07,0.004175372,0.9958246
QQQQQQQQQ,Synthetic,NEG,Poly-glutamine,2.455839893424072e-13,4.404686114867218e-05,0.9999558925628662,NB,3.1713743e-09,Q,Q,0,0,2.829089e-16,6.342748e-09,1.0
HHHHHHHHH,Synthetic,NEG,Poly-histidine,9.762704829368491e-20,1.2825006479033618e-07,0.9999998807907104,NB,1.5681773e-14,H,H,0,0,8.360436e-26,3.1363546e-14,1.0
CCCCCCCCC,Synthetic,NEG,Poly-cysteine,5.895725272132892e-22,2.331139370426172e-08,1.0,NB,2.3441932e-10,C,C,0,0,8.266658e-19,4.6883863e-10,1.0
WWWWWWWWW,Synthetic,NEG,Poly-tryptophan,1.782202849043963e-15,3.081169415963814e-05,0.999969244003296,NB,3.2665334e-08,W,W,0,0,1.4549634e-15,6.533067e-08,0.9999999
YYYYYYYYY,Synthetic,NEG,Poly-tyrosine,9.493088606871147e-12,0.0015516498824581,0.998448371887207,NB,1.2426198e-05,Y,Y,0,0,4.6387057e-11,2.4852303e-05,0.9999752
FFFFFFFFF,Synthetic,NEG,Poly-phenylalanine,4.767410064232536e-05,0.939581573009491,0.0603706985712051,WB,0.4275899,F,F,0,1,0.0013371021,0.85250556,0.14615732
MMMMMMMMM,Synthetic,NEG,"Poly-methionine (anchor-only, no peptide context)",0.9354355335235596,0.0645638555288314,5.520722083929286e-07,WB,0.69693923,M,M,0,1,0.3961328,0.60161287,0.0022544244
IIIIIIIII,Synthetic,NEG,Poly-isoleucine,0.0059903939254581,0.988014042377472,0.0059955376200377,WB,0.5409627,I,I,0,1,0.094693735,0.89253795,0.01276831
VVVVVVVVV,Synthetic,NEG,Poly-valine (anchor-only),0.0758219808340072,0.9219658970832824,0.0022121693473309,WB,0.5995208,V,V,0,1,0.20753661,0.78396845,0.008494984
LLLLLLLLL,Synthetic,NEG,Controversial: predicted SB but unnatural,0.9889378547668456,0.0110621033236384,1.3505202511865375e-10,SB,0.9448126,L,L,0,1,0.8896268,0.11037161,1.567511e-06
