peptide,source_protein,true_label,evidence,prob_SB,prob_WB,prob_NB,pred_class,binding_score,p2,p9,true_binary,pred_binary
GILGFVFTL,M1 58-66,POS,"Immunodominant, 100+ studies",0.9975939393043518,0.0024060786236077547,1.5743609757881694e-12,SB,0.9987969786161557,I,L,1,1.0000000179279596
FMYSDFHFI,PA 46-54,POS,Validated A*02:01 epitope,0.9999942779541016,5.745702310377965e-6,2.50211452227368e-21,SB,0.9999971508052568,M,I,1,1.000000023656412
YVKQNTLKL,NP 69-77,POS,NP validated epitope,0.010228810831904411,0.9826342463493347,0.007136948872357607,WB,0.5015459340065718,V,L,1,0.9928630571812391
KLGEFYNQM,PB1 486-494,POS,PB1 validated,0.901949942111969,0.09804962575435638,3.8752440900680085e-7,SB,0.9509747549891472,L,M,1,0.9999995678663254
ILRGSVAHK,NP 265-273,POS,NP validated (also B*08:01),1.0825710328177252e-9,7.858272874727845e-4,0.99921417236328125,NB,3.929147263074251e-4,L,K,1,7.858283700438173e-4
NLVPMVATV,pp65 495-503,POS,Immunodominant CMV,0.9985081553459167,0.0014918511733412743,4.972930162279454e-13,SB,0.9992540809325874,L,V,1,1.000000006519258
RIFAELEGV,pp65 522-530,POS,Validated pp65 epitope,0.9972993731498718,0.002700656186789274,4.5703354295545395e-12,SB,0.9986497012432665,I,V,1,1.000000029336661
VLEETSVML,IE1 316-324,POS,IE1 validated,0.1564728170633316,0.8423923850059509,0.0011347990948706865,WB,0.5776690095663071,L,L,1,0.9988652020692825
YILEETSVM,IE1 315-323,POS,IE1 validated,0.6289238929748535,0.3706310987472534,4.4507283018901944e-4,SB,0.8142394423484802,I,M,1,0.9995549917221069
QYDPVAALF,pp65 341-349,POS,pp65 validated,1.7780007185926342e-15,7.319755695789354e-6,0.9999927282333374,NB,3.659877849672678e-6,Y,F,1,7.319755697567355e-6
GLCTLVAML,BMLF1 280-288,POS,Immunodominant EBV,0.9054228663444519,0.09457655251026154,5.71743782984413e-7,SB,0.9527111425995827,L,L,1,0.9999994188547134
CLGGLLTMV,LMP2 426-434,POS,LMP2 validated,0.997408926486969,0.0025910460390150547,5.169853694447779e-12,SB,0.9987044495064765,L,V,1,0.999999972525984
FLYALALLL,LMP2 356-364,POS,LMP2 validated,0.9998272061347961,1.728019124129787e-4,5.209899547027413e-16,SB,0.9999136070910026,L,L,1,1.0000000080472091
LLWTLVVLL,LMP1 125-133,POS,LMP1 validated,0.9981628060340881,0.0018372402992099524,1.516203503894309e-12,SB,0.9990814261836931,L,L,1,1.000000046333298
YLLEMLWRL,LMP1 159-167,POS,LMP1 validated,0.9999922513961792,7.79834772401955e-6,5.252373736738857e-22,SB,0.9999961505700412,L,L,1,1.0000000497439032
WLSLLVPFV,HBs 335-343,POS,HBsAg validated,0.9993910789489746,6.08898582868278e-4,2.6148588096229844e-14,SB,0.9996955282404087,L,V,1,0.9999999775318429
LLCLIFLLV,HBs 250-258,POS,HBsAg validated,0.998176097869873,0.0018238661577925086,1.0151214721240698e-12,SB,0.9990880309487693,L,V,1,0.9999999640276656
CINGVCWTV,NS3 1073-1081,POS,HCV validated,0.9766473770141602,0.023352615535259247,1.940177263293208e-8,SB,0.9883236847817898,I,V,1,0.9999999925494194
SLYNTVATL,Gag p17 77-85,POS,HIV immunodominant,0.9946179986000061,0.00538198696449399,2.0581499005078996e-10,SB,0.9973089920822531,L,L,1,0.9999999855645001
ILKEPVHGV,Pol 476-484,POS,HIV RT validated,0.9810645580291748,0.018935471773147583,1.0043546438964768e-8,SB,0.9905322939157486,L,V,1,1.0000000298023224
VIYQYMDDL,Pol 257-265,POS,HIV RT validated,0.13890326023101807,0.8588637113571167,0.0022329811472445726,WB,0.5683351159095764,I,L,1,0.9977669715881348
YLQPRTFLL,Spike 269-277,POS,Immunodominant Spike,0.9977636337280273,0.002236380707472563,6.785612002846442e-12,SB,0.9988818240817636,L,L,1,1.0000000144355
LLFDRFENL,NSP12 125-133,POS,RdRp validated,0.999751627445221,2.484192664269358e-4,9.864809342728415e-16,SB,0.9998758370784344,L,L,1,1.0000000467116479
ALNTLVKQL,Spike 958-966,POS,Spike fusion peptide,0.36310121417045593,0.63677978515625,1.1897792137460783e-4,WB,0.6814911067485809,L,L,1,0.9998809993267059
YMLDLQPET,E7 11-19,POS,HPV16 E7 validated,0.997377872467041,0.002622134517878294,1.0912592444262126e-12,SB,0.9986889397259802,M,T,1,1.0000000069849193
LLMGTLGIV,E7 82-90,POS,HPV16 E7 validated,0.9991948008537292,8.05236806627363e-4,9.51372024237708e-14,SB,0.9995974192570429,L,V,1,1.0000000376603566
TLGIVCPIC,E7 86-94,POS,HPV16 E7 validated,4.343442469689762e-6,0.0945713222026825,0.9054243564605713,NB,0.04729000454381094,L,C,1,0.09457566564515218
ILTVILGVL,MART-1 32-40,POS,MART-1 validated,0.033279743045568466,0.9570379257202148,0.0096823051571846,WB,0.5117987059056759,L,L,1,0.9903176687657833
IMDQVPFSV,gp100 209-217,POS,gp100 validated,0.999422550201416,5.775128956884146e-4,1.3717675710893818e-14,SB,0.9997113066492602,M,V,1,1.0000000630971044
YLEPGPVTA,gp100 280-288,POS,gp100 validated,0.9649709463119507,0.035029083490371704,2.28786678491133e-8,SB,0.9824854880571365,L,A,1,1.0000000298023224
KTWGQYWQV,gp100 154-162,POS,gp100 validated,0.9931252002716064,0.006874752696603537,2.841878121717656e-10,SB,0.9965625766199082,T,V,1,0.99999995296821
YMDGTMSQV,Tyrosinase 369-377,POS,Tyrosinase validated,0.9999076128005981,9.233762102667242e-5,2.5361883667745412e-17,SB,0.9999537816111115,M,V,1,0.9999999504216248
SLLMWITQC,NY-ESO-1 157-165,POS,Immunodominant NY-ESO-1,0.005774182267487049,0.9920657277107239,0.002160061849281192,WB,0.501807046122849,L,C,1,0.9978399099782109
SLLMWITQV,NY-ESO-1 157-165 mut,POS,NY-ESO-1 enhanced variant,0.9999210834503174,7.890422421041876e-5,3.7429194799085456e-18,SB,0.9999605355624226,L,V,1,0.9999999876745278
RMFPNAPYL,WT1 126-134,POS,WT1 validated,0.9999408721923828,5.912052802159451e-5,6.490495837454483e-18,SB,0.9999704324563936,M,L,1,0.9999999927204044
CMTWNQMNL,WT1 235-243,POS,WT1 validated,0.021792257204651833,0.9409795999526978,0.037228185683488846,WB,0.4922820571810007,M,L,1,0.9627718571573496
LLGRNSFEV,p53 264-272,POS,p53 validated,0.9925453066825867,0.007454703561961651,2.211028166110296e-10,SB,0.9962726584635675,L,V,1,1.0000000102445483
RMPEAAPPV,p53 65-73,POS,p53 TAD validated,0.9998399019241333,1.6002007760107517e-4,2.202490141908604e-16,SB,0.9999199119629338,M,V,1,0.9999999220017344
GLAPPQHLI,p53 187-195,POS,p53 validated,0.9793128967285156,0.02068714238703251,4.113571350217171e-8,SB,0.9896564679220319,L,I,1,1.0000000391155481
KVLEYVIKV,MAGE-A1 278-286,POS,MAGE validated,0.9999364614486694,6.353303615469486e-5,2.9621358415039235e-18,SB,0.9999682279667468,V,V,1,0.9999999944848241
FLWGPRALV,MAGE-A3 271-279,POS,MAGE-A3 validated,0.9995757937431335,4.2417028453201056e-4,3.7630915907232304e-14,SB,0.9997878788853996,L,V,1,0.9999999640276656
KVAELVHFL,MAGE-A3 112-120,POS,MAGE-A3 validated,0.9969582557678223,0.003041703486815095,5.810938102229768e-12,SB,0.9984791075112298,V,L,1,0.9999999592546374
IMIGVLVGV,CEA 691-699,POS,CEA validated,0.9999080896377563,9.192366269417107e-5,1.1229956197252613e-17,SB,0.9999540514691034,M,V,1,1.0000000133004505
YLSGANLNL,CEA 605-613,POS,CEA validated,0.9986282587051392,0.0013717446709051728,4.406798005934104e-13,SB,0.9993141310405917,L,L,1,1.0000000033760443
KIFGSLAFL,HER2/neu 369-377,POS,HER2 validated (E75),0.9870033860206604,0.012996643781661987,1.466531673877114e-9,SB,0.9935017079114914,I,L,1,1.0000000298023224
LLFGYPVYV,HTLV-1 Tax 11-19,POS,HTLV validated,0.9999971389770508,2.9152031402190914e-6,1.0579216700237046e-22,SB,0.9999985965786209,L,V,1,1.000000054180191
SVYDFFVWL,TRP2 426-434,POS,TRP2 validated,0.9984820485115051,0.0015179103938862681,1.329148379899947e-13,SB,0.9992410037084483,V,L,1,0.9999999589053914
ALMPVLNQV,PSMA 711-719,POS,PSMA prostate cancer,0.9999812841415405,1.8674296370591037e-5,2.4673169160625852e-20,SB,0.9999906212897258,L,V,1,0.9999999584379111
LLHHAFDSL,PSA 137-145,POS,PSA prostate cancer,0.9862844944000244,0.01371545996516943,1.6140681013965263e-9,SB,0.9931422243826091,L,L,1,0.9999999543651938
AAAAAAAAA,Synthetic,NEG,Poly-alanine,1.8107654113919125e-6,0.04423154145479202,0.9557666182518005,NB,0.022117581492807403,A,A,0,0.044233352220203415
GGGGGGGGG,Synthetic,NEG,Poly-glycine,1.7238189349072795e-19,1.3906763740578754e-7,0.9999998807907104,NB,6.953381870306615e-8,G,G,0,1.390676374059599e-7
PPPPPPPPP,Synthetic,NEG,Poly-proline,2.920275665339887e-23,6.503722449480165e-9,1,NB,3.251861224740112e-9,P,P,0,6.503722449480194e-9
DDDDDDDDD,Synthetic,NEG,Poly-aspartate,1.1929264309721773e-25,5.82690617978443e-10,1,NB,2.913453089892216e-10,D,D,0,5.826906179784431e-10
RRRRRRRRR,Synthetic,NEG,Poly-arginine,2.0078707804356696e-23,7.023273962403209e-9,1,NB,3.511636981201625e-9,R,R,0,7.023273962403229e-9
EEEEEEEEE,Synthetic,NEG,Poly-glutamate,1.0183762767118768e-18,3.529021910253505e-7,0.9999996423721313,NB,1.764510955136936e-7,E,E,0,3.529021910263689e-7
KKKKKKKKK,Synthetic,NEG,Poly-lysine,4.084708337666349e-21,5.750388254455174e-8,1,NB,2.8751941272279958e-8,K,K,0,5.7503882544555826e-8
NNNNNNNNN,Synthetic,NEG,Poly-asparagine,1.5496531044487524e-21,1.938396820833077e-8,1,NB,9.691984104166935e-9,N,N,0,1.938396820833232e-8
SSSSSSSSS,Synthetic,NEG,Poly-serine,3.9223784810415996e-12,1.6272168431896716e-4,0.9998372793197632,NB,8.136084608186206e-5,S,S,0,1.6272168824134564e-4
TTTTTTTTT,Synthetic,NEG,Poly-threonine,6.163348303944716e-11,4.8110299394465983e-4,0.999518871307373,NB,2.4055155860581295e-4,T,T,0,4.8110305557814287e-4
QQQQQQQQQ,Synthetic,NEG,Poly-glutamine,2.455839893424072e-13,4.404686114867218e-5,0.9999558925628662,NB,2.202343081992008e-5,Q,Q,0,4.404686139425617e-5
HHHHHHHHH,Synthetic,NEG,Poly-histidine,9.76270482936849e-20,1.2825006479033618e-7,0.9999998807907104,NB,6.412503239526571e-8,H,H,0,1.282500647904338e-7
CCCCCCCCC,Synthetic,NEG,Poly-cysteine,5.895725272132891e-22,2.3311393704261718e-8,1,NB,1.1655696852131448e-8,C,C,0,2.3311393704262307e-8
WWWWWWWWW,Synthetic,NEG,Poly-tryptophan,1.782202849043963e-15,3.081169415963814e-5,0.9999692440032959,NB,1.540584708160127e-5,W,W,0,3.081169416142034e-5
YYYYYYYYY,Synthetic,NEG,Poly-tyrosine,9.493088606871147e-12,0.0015516498824581504,0.998448371887207,NB,7.758249507221638e-4,Y,Y,0,0.001551649891951239
FFFFFFFFF,Synthetic,NEG,Poly-phenylalanine,4.7674100642325357e-5,0.939581573009491,0.06037069857120514,WB,0.4698384606053878,F,F,0,0.9396292471101333
MMMMMMMMM,Synthetic,NEG,"Poly-methionine (anchor-only, no peptide context)",0.9354355335235596,0.06456385552883148,5.520722083929286e-7,SB,0.9677174612879753,M,M,0,0.999999389052391
IIIIIIIII,Synthetic,NEG,Poly-isoleucine,0.005990393925458193,0.9880140423774719,0.005995537620037794,WB,0.49999741511419415,I,I,0,0.9940044363029301
VVVVVVVVV,Synthetic,NEG,Poly-valine (anchor-only),0.07582198083400726,0.9219658970832825,0.002212169347330928,WB,0.5368049293756485,V,V,0,0.9977878779172897
LLLLLLLLL,Synthetic,NEG,Controversial: predicted SB but unnatural,0.9889378547668457,0.01106210332363844,1.3505202511865377e-10,SB,0.9944689064286649,L,L,0,0.9999999580904841
