peptide,source_protein,true_label,evidence,prob_SB,prob_WB,prob_NB,pred_class,binding_score,p2,p9,true_binary,pred_binary,unique_aa,is_repeat,model_class,pred_class_v2
GILGFVFTL,M1 58-66,POS,"Immunodominant, 100+ studies",0.9975939393043518,0.00240607862360775,1.5743609757881696e-12,SB,0.9987969786161556,I,L,1,1.0000000179279596,6,FALSE,SB,SB
FMYSDFHFI,PA 46-54,POS,Validated A*02:01 epitope,0.9999942779541016,5.745702310377965e-6,2.50211452227368e-21,SB,0.9999971508052568,M,I,1,1.000000023656412,7,FALSE,SB,SB
YVKQNTLKL,NP 69-77,POS,NP validated epitope,0.01022881083190441,0.9826342463493348,0.0071369488723576,WB,0.5015459340065718,V,L,1,0.9928630571812392,7,FALSE,WB,WB
KLGEFYNQM,PB1 486-494,POS,PB1 validated,0.901949942111969,0.09804962575435638,3.875244090068009e-7,SB,0.9509747549891472,L,M,1,0.9999995678663254,9,FALSE,SB,SB
ILRGSVAHK,NP 265-273,POS,NP validated (also B*08:01),1.0825710328177252e-9,7.858272874727845e-4,0.99921417236328125,NB,3.929147263074251e-4,L,K,1,7.858283700438173e-4,9,FALSE,NB,NB
NLVPMVATV,pp65 495-503,POS,Immunodominant CMV,0.9985081553459167,0.00149185117334127,4.972930162279454e-13,SB,0.9992540809325874,L,V,1,1.000000006519258,7,FALSE,SB,SB
RIFAELEGV,pp65 522-530,POS,Validated pp65 epitope,0.9972993731498718,0.00270065618678927,4.5703354295545395e-12,SB,0.9986497012432664,I,V,1,1.000000029336661,8,FALSE,SB,SB
VLEETSVML,IE1 316-324,POS,IE1 validated,0.1564728170633316,0.8423923850059509,0.00113479909487068,WB,0.5776690095663071,L,L,1,0.9988652020692824,6,FALSE,WB,WB
YILEETSVM,IE1 315-323,POS,IE1 validated,0.6289238929748535,0.3706310987472534,4.4507283018901944e-4,SB,0.8142394423484802,I,M,1,0.9995549917221068,8,FALSE,SB,SB
QYDPVAALF,pp65 341-349,POS,pp65 validated,1.7780007185926342e-15,7.319755695789354e-6,0.9999927282333374,NB,3.659877849672678e-6,Y,F,1,7.319755697567355e-6,8,FALSE,NB,NB
GLCTLVAML,BMLF1 280-288,POS,Immunodominant EBV,0.905422866344452,0.09457655251026154,5.71743782984413e-7,SB,0.9527111425995828,L,L,1,0.9999994188547134,7,FALSE,SB,SB
CLGGLLTMV,LMP2 426-434,POS,LMP2 validated,0.997408926486969,0.00259104603901505,5.169853694447779e-12,SB,0.9987044495064764,L,V,1,0.999999972525984,6,FALSE,SB,SB
FLYALALLL,LMP2 356-364,POS,LMP2 validated,0.999827206134796,1.728019124129787e-4,5.209899547027414e-16,SB,0.9999136070910026,L,L,1,1.0000000080472091,4,FALSE,SB,SB
LLWTLVVLL,LMP1 125-133,POS,LMP1 validated,0.998162806034088,0.00183724029920995,1.516203503894309e-12,SB,0.9990814261836932,L,L,1,1.000000046333298,4,FALSE,SB,SB
YLLEMLWRL,LMP1 159-167,POS,LMP1 validated,0.9999922513961792,7.79834772401955e-6,5.252373736738857e-22,SB,0.9999961505700412,L,L,1,1.0000000497439032,6,FALSE,SB,SB
WLSLLVPFV,HBs 335-343,POS,HBsAg validated,0.9993910789489746,6.08898582868278e-4,2.6148588096229844e-14,SB,0.9996955282404087,L,V,1,0.9999999775318428,6,FALSE,SB,SB
LLCLIFLLV,HBs 250-258,POS,HBsAg validated,0.998176097869873,0.0018238661577925,1.0151214721240698e-12,SB,0.9990880309487692,L,V,1,0.9999999640276656,5,FALSE,SB,SB
CINGVCWTV,NS3 1073-1081,POS,HCV validated,0.9766473770141602,0.02335261553525924,1.9401772632932083e-8,SB,0.9883236847817898,I,V,1,0.9999999925494194,7,FALSE,SB,SB
SLYNTVATL,Gag p17 77-85,POS,HIV immunodominant,0.994617998600006,0.00538198696449399,2.0581499005078996e-10,SB,0.9973089920822532,L,L,1,0.9999999855645,7,FALSE,SB,SB
ILKEPVHGV,Pol 476-484,POS,HIV RT validated,0.9810645580291748,0.01893547177314758,1.0043546438964768e-8,SB,0.9905322939157486,L,V,1,1.0000000298023224,8,FALSE,SB,SB
VIYQYMDDL,Pol 257-265,POS,HIV RT validated,0.13890326023101807,0.8588637113571167,0.00223298114724457,WB,0.5683351159095764,I,L,1,0.9977669715881348,7,FALSE,WB,WB
YLQPRTFLL,Spike 269-277,POS,Immunodominant Spike,0.9977636337280272,0.00223638070747256,6.785612002846442e-12,SB,0.9988818240817636,L,L,1,1.0000000144355,7,FALSE,SB,SB
LLFDRFENL,NSP12 125-133,POS,RdRp validated,0.999751627445221,2.484192664269358e-4,9.864809342728417e-16,SB,0.9998758370784344,L,L,1,1.000000046711648,6,FALSE,SB,SB
ALNTLVKQL,Spike 958-966,POS,Spike fusion peptide,0.36310121417045593,0.63677978515625,1.1897792137460784e-4,WB,0.6814911067485809,L,L,1,0.999880999326706,7,FALSE,WB,WB
YMLDLQPET,E7 11-19,POS,HPV16 E7 validated,0.997377872467041,0.00262213451787829,1.0912592444262126e-12,SB,0.9986889397259802,M,T,1,1.0000000069849193,8,FALSE,SB,SB
LLMGTLGIV,E7 82-90,POS,HPV16 E7 validated,0.9991948008537292,8.05236806627363e-4,9.51372024237708e-14,SB,0.9995974192570428,L,V,1,1.0000000376603566,6,FALSE,SB,SB
TLGIVCPIC,E7 86-94,POS,HPV16 E7 validated,4.343442469689762e-6,0.0945713222026825,0.9054243564605712,NB,0.04729000454381094,L,C,1,0.09457566564515218,7,FALSE,NB,NB
ILTVILGVL,MART-1 32-40,POS,MART-1 validated,0.03327974304556846,0.9570379257202148,0.0096823051571846,WB,0.5117987059056759,L,L,1,0.9903176687657832,5,FALSE,WB,WB
IMDQVPFSV,gp100 209-217,POS,gp100 validated,0.999422550201416,5.775128956884146e-4,1.3717675710893818e-14,SB,0.9997113066492602,M,V,1,1.0000000630971044,8,FALSE,SB,SB
YLEPGPVTA,gp100 280-288,POS,gp100 validated,0.9649709463119508,0.0350290834903717,2.28786678491133e-8,SB,0.9824854880571364,L,A,1,1.0000000298023224,8,FALSE,SB,SB
KTWGQYWQV,gp100 154-162,POS,gp100 validated,0.9931252002716064,0.00687475269660353,2.841878121717656e-10,SB,0.9965625766199082,T,V,1,0.99999995296821,7,FALSE,SB,SB
YMDGTMSQV,Tyrosinase 369-377,POS,Tyrosinase validated,0.999907612800598,9.233762102667242e-5,2.536188366774541e-17,SB,0.9999537816111116,M,V,1,0.9999999504216248,8,FALSE,SB,SB
SLLMWITQC,NY-ESO-1 157-165,POS,Immunodominant NY-ESO-1,0.00577418226748704,0.992065727710724,0.00216006184928119,WB,0.501807046122849,L,C,1,0.9978399099782108,8,FALSE,WB,WB
SLLMWITQV,NY-ESO-1 157-165 mut,POS,NY-ESO-1 enhanced variant,0.9999210834503174,7.890422421041876e-5,3.7429194799085456e-18,SB,0.9999605355624226,L,V,1,0.9999999876745278,8,FALSE,SB,SB
RMFPNAPYL,WT1 126-134,POS,WT1 validated,0.9999408721923828,5.912052802159451e-5,6.490495837454482e-18,SB,0.9999704324563936,M,L,1,0.9999999927204044,8,FALSE,SB,SB
CMTWNQMNL,WT1 235-243,POS,WT1 validated,0.02179225720465183,0.9409795999526978,0.03722818568348884,WB,0.4922820571810007,M,L,1,0.9627718571573496,7,FALSE,WB,WB
LLGRNSFEV,p53 264-272,POS,p53 validated,0.9925453066825868,0.00745470356196165,2.2110281661102957e-10,SB,0.9962726584635676,L,V,1,1.0000000102445483,8,FALSE,SB,SB
RMPEAAPPV,p53 65-73,POS,p53 TAD validated,0.9998399019241332,1.6002007760107517e-4,2.202490141908604e-16,SB,0.9999199119629338,M,V,1,0.9999999220017344,6,FALSE,SB,SB
GLAPPQHLI,p53 187-195,POS,p53 validated,0.9793128967285156,0.02068714238703251,4.113571350217171e-8,SB,0.989656467922032,L,I,1,1.000000039115548,7,FALSE,SB,SB
KVLEYVIKV,MAGE-A1 278-286,POS,MAGE validated,0.9999364614486694,6.353303615469486e-5,2.9621358415039235e-18,SB,0.9999682279667468,V,V,1,0.999999994484824,6,FALSE,SB,SB
FLWGPRALV,MAGE-A3 271-279,POS,MAGE-A3 validated,0.9995757937431335,4.2417028453201056e-4,3.7630915907232304e-14,SB,0.9997878788853996,L,V,1,0.9999999640276656,8,FALSE,SB,SB
KVAELVHFL,MAGE-A3 112-120,POS,MAGE-A3 validated,0.9969582557678224,0.00304170348681509,5.810938102229768e-12,SB,0.9984791075112298,V,L,1,0.9999999592546374,7,FALSE,SB,SB
IMIGVLVGV,CEA 691-699,POS,CEA validated,0.9999080896377563,9.192366269417108e-5,1.122995619725261e-17,SB,0.9999540514691034,M,V,1,1.0000000133004503,5,FALSE,SB,SB
YLSGANLNL,CEA 605-613,POS,CEA validated,0.9986282587051392,0.00137174467090517,4.4067980059341044e-13,SB,0.9993141310405916,L,L,1,1.0000000033760443,6,FALSE,SB,SB
KIFGSLAFL,HER2/neu 369-377,POS,HER2 validated (E75),0.9870033860206604,0.01299664378166198,1.4665316738771141e-9,SB,0.9935017079114914,I,L,1,1.0000000298023224,7,FALSE,SB,SB
LLFGYPVYV,HTLV-1 Tax 11-19,POS,HTLV validated,0.9999971389770508,2.915203140219091e-6,1.0579216700237046e-22,SB,0.9999985965786208,L,V,1,1.000000054180191,6,FALSE,SB,SB
SVYDFFVWL,TRP2 426-434,POS,TRP2 validated,0.9984820485115052,0.00151791039388626,1.329148379899947e-13,SB,0.9992410037084484,V,L,1,0.9999999589053914,7,FALSE,SB,SB
ALMPVLNQV,PSMA 711-719,POS,PSMA prostate cancer,0.9999812841415404,1.8674296370591037e-5,2.4673169160625852e-20,SB,0.9999906212897258,L,V,1,0.9999999584379112,7,FALSE,SB,SB
LLHHAFDSL,PSA 137-145,POS,PSA prostate cancer,0.9862844944000244,0.01371545996516943,1.6140681013965263e-9,SB,0.9931422243826092,L,L,1,0.9999999543651938,6,FALSE,SB,SB
AAAAAAAAA,Synthetic,NEG,Poly-alanine,1.8107654113919125e-6,0.04423154145479202,0.9557666182518004,NB,0.0221175814928074,A,A,0,0.04423335222020341,1,TRUE,NB,NB
GGGGGGGGG,Synthetic,NEG,Poly-glycine,1.7238189349072798e-19,1.3906763740578756e-7,0.9999998807907104,NB,6.953381870306615e-8,G,G,0,1.390676374059599e-7,1,TRUE,NB,NB
PPPPPPPPP,Synthetic,NEG,Poly-proline,2.920275665339887e-23,6.503722449480165e-9,1,NB,3.2518612247401122e-9,P,P,0,6.503722449480194e-9,1,TRUE,NB,NB
DDDDDDDDD,Synthetic,NEG,Poly-aspartate,1.1929264309721773e-25,5.82690617978443e-10,1,NB,2.9134530898922156e-10,D,D,0,5.82690617978443e-10,1,TRUE,NB,NB
RRRRRRRRR,Synthetic,NEG,Poly-arginine,2.0078707804356693e-23,7.023273962403209e-9,1,NB,3.511636981201625e-9,R,R,0,7.023273962403229e-9,1,TRUE,NB,NB
EEEEEEEEE,Synthetic,NEG,Poly-glutamate,1.0183762767118768e-18,3.529021910253505e-7,0.9999996423721312,NB,1.764510955136936e-7,E,E,0,3.529021910263689e-7,1,TRUE,NB,NB
KKKKKKKKK,Synthetic,NEG,Poly-lysine,4.084708337666349e-21,5.750388254455174e-8,1,NB,2.875194127227996e-8,K,K,0,5.7503882544555826e-8,1,TRUE,NB,NB
NNNNNNNNN,Synthetic,NEG,Poly-asparagine,1.5496531044487524e-21,1.938396820833077e-8,1,NB,9.691984104166935e-9,N,N,0,1.9383968208332323e-8,1,TRUE,NB,NB
SSSSSSSSS,Synthetic,NEG,Poly-serine,3.9223784810416e-12,1.6272168431896716e-4,0.9998372793197632,NB,8.136084608186206e-5,S,S,0,1.6272168824134564e-4,1,TRUE,NB,NB
TTTTTTTTT,Synthetic,NEG,Poly-threonine,6.163348303944716e-11,4.8110299394465983e-4,0.999518871307373,NB,2.4055155860581295e-4,T,T,0,4.8110305557814287e-4,1,TRUE,NB,NB
QQQQQQQQQ,Synthetic,NEG,Poly-glutamine,2.455839893424072e-13,4.404686114867218e-5,0.9999558925628662,NB,2.202343081992008e-5,Q,Q,0,4.404686139425617e-5,1,TRUE,NB,NB
HHHHHHHHH,Synthetic,NEG,Poly-histidine,9.76270482936849e-20,1.2825006479033618e-7,0.9999998807907104,NB,6.412503239526571e-8,H,H,0,1.282500647904338e-7,1,TRUE,NB,NB
CCCCCCCCC,Synthetic,NEG,Poly-cysteine,5.895725272132891e-22,2.331139370426172e-8,1,NB,1.1655696852131448e-8,C,C,0,2.3311393704262307e-8,1,TRUE,NB,NB
WWWWWWWWW,Synthetic,NEG,Poly-tryptophan,1.782202849043963e-15,3.081169415963814e-5,0.999969244003296,NB,1.540584708160127e-5,W,W,0,3.081169416142034e-5,1,TRUE,NB,NB
YYYYYYYYY,Synthetic,NEG,Poly-tyrosine,9.493088606871147e-12,0.00155164988245815,0.998448371887207,NB,7.758249507221638e-4,Y,Y,0,0.00155164989195123,1,TRUE,NB,NB
FFFFFFFFF,Synthetic,NEG,Poly-phenylalanine,4.7674100642325363e-05,0.939581573009491,0.06037069857120514,WB,0.4698384606053878,F,F,0,0.9396292471101332,1,TRUE,WB,NB
MMMMMMMMM,Synthetic,NEG,"Poly-methionine (anchor-only, no peptide context)",0.9354355335235596,0.06456385552883148,5.520722083929286e-7,SB,0.9677174612879752,M,M,0,0.999999389052391,1,TRUE,SB,NB
IIIIIIIII,Synthetic,NEG,Poly-isoleucine,0.00599039392545819,0.988014042377472,0.00599553762003779,WB,0.49999741511419415,I,I,0,0.99400443630293,1,TRUE,WB,NB
VVVVVVVVV,Synthetic,NEG,Poly-valine (anchor-only),0.07582198083400726,0.9219658970832824,0.00221216934733092,WB,0.5368049293756485,V,V,0,0.9977878779172896,1,TRUE,WB,NB
LLLLLLLLL,Synthetic,NEG,Controversial: predicted SB but unnatural,0.9889378547668456,0.01106210332363844,1.3505202511865375e-10,SB,0.9944689064286648,L,L,0,0.999999958090484,1,TRUE,SB,NB
